source_system,source_record_id,std_hash
billing,B001,3d3321d385f659b0dd426aafad1c674c6aca70c8b0f993d7c825a04a10471c6b
billing,B002,1efe5d5b99c51c3466c3623f436eaa830986a3e1b1102f0c8933a723ca21043b
billing,B003,eec2a4a6aae05d7592d75dcf41b7c3c6d3a5b5935d2eec59c206b1b3db00927c
billing,B004,fe1592fadf6b220ecdccec1b8845ea4239a5c0024d244062de84975fbfd06f58
billing,B005,2ff68e4ae85b0fd2c07aaa1784356eccabe44381409d640e8c04ed824b0816e7
billing,B006,a9684958afd3e042c1efd4642e522b3c8a8897dd3c4419a9920547734e0ab0f9
billing,B007,91cfb9df48398d2890ce127cf5a28aa5dc908686b2160e71f941680dc2c06e4d
billing,B008,efed386d2980649057e627f3cb4337348952e8ac5755ab092ae568354807e282
billing,B009,f47feda01cf4e34620686b8aa251fbe050ac04a7385b2b7f570ae9b2e2061a54
crm,C001,0bb7e8bd06d2bc7b55fc7b1df10bd405e67ed072b2a95b9f386a653115fa6765
crm,C002,142dc4a40faf5f561ee8b5d5850e9d9fc34d5f2bbbd53cf5e74be3fc241d6c70
crm,C003,a7f225f1d3d6969afa3f242362be23df83508e1e1530dcb627289bc16d5ba9ec
crm,C004,4448187c92b368f3b7b8907b178b975e0b75765a638eb0ddb372a4ca9982b51d
crm,C005,e424659ea2d1a95bcbb9da29d2ee7b32e293f26611abc0108d63a67ac3b4c153
crm,C006,0817213a575a2d0fb5a7d6901c78e1904ac57f20dc6bc1801a0e4aded5919190
crm,C007,780906ecc853f584e53a5685a1fe77e8c38420b13ba758e7af4e9de802dde677
crm,C008,6c5fcda136ba0bc431fa39ca3089dc05af13c565921cbb527cd21fa1501c9941
crm,C009,0f9fa132e75e02e458253e356202de2878211b7bd4b8f670043e7d523517d3cd
crm,C010,69054a0e9ee02e756988f8d433bbd7f8fc5285ab01ffc9cd37802fbffb777af8
crm,C011,2df150da3b020828dff3206bc10bdfc8d2580db65b1b61d893f300ba2994369c
webforms,W001,f2de7611c69142af481879b10cb9b774876c18577d1e50f14030b0fb278b4d63
webforms,W003,69a06d7b7f8f82fd55eb4110a5b6d5d3875267e704ec625970a2e2cd8d74e4f8
webforms,W004,22c53f591b9299ba78c2afb885c0fca386ed3e3479213fd4fa95dd545238770a
webforms,W005,bd480b2308260d769c34360f5652d3d559e60b037470b66c87a61293a43eda33
webforms,W006,87b0500ca815893a5ba732e7cc1942596780c4e5e8c2230a462688101154488a
webforms,W007,f10fec8201ae8c8b78c827a55a82077a3fd1e98924cf99471c5733bbd37980ba
webforms,W008,ccf651148f63ac655ef0440dd8e5b813fe3db2da0aa61bccdbe95880740251c7
webforms,W009,cd828def740d14d6927378bd7e6972f07c4a95664c1d4896c3299662ee3b412e
webforms,W010,9aa5386845f57336246b57aaf8102c2bdebb82e8b9fa8a0df9c28bd87fa4a059
